<?xml version="1.0" encoding="UTF-8"?>
<databaseChangeLog
        xmlns="http://www.liquibase.org/xml/ns/dbchangelog"
        xmlns:xsi="http://www.w3.org/2001/XMLSchema-instance"
        xsi:schemaLocation="http://www.liquibase.org/xml/ns/dbchangelog
                        http://www.liquibase.org/xml/ns/dbchangelog/dbchangelog-4.3.xsd">

    <changeSet id="2" author="pxlxta">
        <createTable tableName="customers">
            <column name="id" type="SERIAL">
                <constraints primaryKey="true"/>
            </column>
            <column name="name" type="VARCHAR(255)">
                <constraints nullable="false"/>
            </column>
            <column name="address_id" type="INT"/>
        </createTable>
    </changeSet>

    <changeSet id="2.1" author="pxlxta">
        <addForeignKeyConstraint
                baseTableName="customers"
                baseColumnNames="address_id"
                constraintName="fk_customer_address"
                referencedTableName="addresses"
                referencedColumnNames="id"
                onDelete="SET NULL"/>
    </changeSet>

</databaseChangeLog>