<?xml version="1.0" encoding="UTF-8"?>
<databaseChangeLog
        xmlns="http://www.liquibase.org/xml/ns/dbchangelog"
        xmlns:xsi="http://www.w3.org/2001/XMLSchema-instance"
        xsi:schemaLocation="http://www.liquibase.org/xml/ns/dbchangelog
                        http://www.liquibase.org/xml/ns/dbchangelog/dbchangelog-4.3.xsd">

    <changeSet id="3" author="pxlxta">
        <createTable tableName="orders">
            <column name="id" type="SERIAL">
                <constraints primaryKey="true"/>
            </column>
            <column name="customer_id" type="INT"/>
            <column name="date" type="TIMESTAMP" defaultValueComputed="NOW()">
                <constraints nullable="false"/>
            </column>
            <column name="status" type="VARCHAR(255)">
                <constraints nullable="false"/>
            </column>
        </createTable>
    </changeSet>

    <changeSet id="3.1" author="pxlxta">
        <addForeignKeyConstraint
                baseTableName="orders"
                baseColumnNames="customer_id"
                constraintName="fk_order_customer"
                referencedTableName="customers"
                referencedColumnNames="id"
                onDelete="CASCADE"/>
    </changeSet>

</databaseChangeLog>