<?xml version="1.0" encoding="UTF-8"?>
<databaseChangeLog
        xmlns="http://www.liquibase.org/xml/ns/dbchangelog"
        xmlns:xsi="http://www.w3.org/2001/XMLSchema-instance"
        xsi:schemaLocation="http://www.liquibase.org/xml/ns/dbchangelog
                        http://www.liquibase.org/xml/ns/dbchangelog/dbchangelog-4.3.xsd">

    <changeSet id="5" author="pxlxta">
        <createTable tableName="quantities">
            <column name="id" type="SERIAL">
                <constraints primaryKey="true"/>
            </column>
            <column name="value" type="INT">
                <constraints nullable="false"/>
            </column>
        </createTable>
    </changeSet>

    <changeSet id="5.1" author="pxlxta">
        <addForeignKeyConstraint
                baseTableName="quantities"
                baseColumnNames="id"
                constraintName="kf_quantity_measurement"
                referencedTableName="measurements"
                referencedColumnNames="id"
                onDelete="CASCADE"/>
    </changeSet>
</databaseChangeLog>