<?xml version="1.0" encoding="UTF-8"?>
<databaseChangeLog
        xmlns="http://www.liquibase.org/xml/ns/dbchangelog"
        xmlns:xsi="http://www.w3.org/2001/XMLSchema-instance"
        xsi:schemaLocation="http://www.liquibase.org/xml/ns/dbchangelog
                        http://www.liquibase.org/xml/ns/dbchangelog/dbchangelog-4.3.xsd">

    <changeSet id="6" author="pxlxta">
        <createTable tableName="weights">
            <column name="id" type="SERIAL">
                <constraints primaryKey="true"/>
            </column>
            <column name="value" type="BIGINT">
                <constraints nullable="false" />
            </column>
        </createTable>
    </changeSet>

    <changeSet id="6.1" author="pxlxta">
        <addForeignKeyConstraint
                baseTableName="weights"
                baseColumnNames="id"
                constraintName="fd_weight_measurement"
                referencedTableName="measurements"
                referencedColumnNames="id"
                onDelete="CASCADE"/>
    </changeSet>
</databaseChangeLog>