<?xml version="1.0" encoding="UTF-8"?>
<databaseChangeLog
        xmlns="http://www.liquibase.org/xml/ns/dbchangelog"
        xmlns:xsi="http://www.w3.org/2001/XMLSchema-instance"
        xsi:schemaLocation="http://www.liquibase.org/xml/ns/dbchangelog
                        http://www.liquibase.org/xml/ns/dbchangelog/dbchangelog-4.3.xsd">

    <changeSet id="7" author="pxlxta">
        <createTable tableName="items">
            <column name="id" type="SERIAL">
                <constraints primaryKey="true"/>
            </column>
            <column name="description" type="VARCHAR(255)">
                <constraints nullable="false"/>
            </column>
            <column name="shipping_weight" type="INT"/>
        </createTable>
    </changeSet>

    <changeSet id="7.1" author="pxlxta">
        <addForeignKeyConstraint
                baseTableName="items"
                baseColumnNames="shipping_weight"
                constraintName="fd_item_weight"
                referencedTableName="weights"
                referencedColumnNames="id"
                onDelete="CASCADE"/>
    </changeSet>
</databaseChangeLog>