<?xml version="1.0" encoding="UTF-8"?>
<databaseChangeLog
        xmlns="http://www.liquibase.org/xml/ns/dbchangelog"
        xmlns:xsi="http://www.w3.org/2001/XMLSchema-instance"
        xsi:schemaLocation="http://www.liquibase.org/xml/ns/dbchangelog
                        http://www.liquibase.org/xml/ns/dbchangelog/dbchangelog-4.3.xsd">

    <changeSet id="8" author="pxlxta">
        <createTable tableName="order_details">
            <column name="id" type="SERIAL">
                <constraints primaryKey="true"/>
            </column>
            <column name="order_id" type="INT"/>
            <column name="item_id" type="INT"/>
            <column name="quantity_id" type="INT"/>
            <column name="tax_status" type="VARCHAR(255)">
                <constraints nullable="false"/>
            </column>
        </createTable>
    </changeSet>

    <changeSet id="8.1" author="pxlxta">
        <addForeignKeyConstraint
                baseTableName="order_details"
                baseColumnNames="order_id"
                constraintName="fd_orderDetail_order"
                referencedTableName="orders"
                referencedColumnNames="id"
                onDelete="CASCADE"/>
        <addForeignKeyConstraint
                baseTableName="order_details"
                baseColumnNames="item_id"
                constraintName="fd_orderDetail_item"
                referencedTableName="items"
                referencedColumnNames="id"
                onDelete="CASCADE"/>
        <addForeignKeyConstraint
                baseTableName="order_details"
                baseColumnNames="quantity_id"
                constraintName="fd_orderDetail_quantity"
                referencedTableName="quantities"
                referencedColumnNames="id"
                onDelete="CASCADE"/>
    </changeSet>
</databaseChangeLog>