<?xml version="1.0" encoding="UTF-8"?>
<databaseChangeLog
        xmlns="http://www.liquibase.org/xml/ns/dbchangelog"
        xmlns:xsi="http://www.w3.org/2001/XMLSchema-instance"
        xsi:schemaLocation="http://www.liquibase.org/xml/ns/dbchangelog
                        http://www.liquibase.org/xml/ns/dbchangelog/dbchangelog-4.3.xsd">

    <changeSet id="12" author="pxlxta">
        <createTable tableName="credits">
            <column name="id" type="SERIAL">
                <constraints primaryKey="true"/>
            </column>
            <column name="number" type="VARCHAR(255)">
                <constraints nullable="false"/>
            </column>
            <column name="type" type="VARCHAR(255)">
                <constraints nullable="false"/>
            </column>
            <column name="exp_date" type="TIMESTAMP" defaultValueComputed="NOW()">
                <constraints nullable="false"/>
            </column>
        </createTable>
    </changeSet>

    <changeSet id="12.1" author="pxlxta">
        <addForeignKeyConstraint
                baseTableName="credits"
                baseColumnNames="id"
                constraintName="fd_credit_payment"
                referencedTableName="payments"
                referencedColumnNames="id"
                onDelete="CASCADE"/>
    </changeSet>
</databaseChangeLog>