<?xml version="1.0" encoding="UTF-8"?>
<databaseChangeLog
        xmlns="http://www.liquibase.org/xml/ns/dbchangelog"
        xmlns:xsi="http://www.w3.org/2001/XMLSchema-instance"
        xsi:schemaLocation="http://www.liquibase.org/xml/ns/dbchangelog
                        http://www.liquibase.org/xml/ns/dbchangelog/dbchangelog-4.3.xsd">

    <changeSet id="14" author="pxlxta">
        <createTable tableName="users">
            <column name="id" type="SERIAL">
                <constraints primaryKey="true"/>
            </column>
            <column name="username" type="VARCHAR(255)">
                <constraints nullable="false" unique="true"/>
            </column>
            <column name="password" type="VARCHAR(255)">
                <constraints nullable="false"/>
            </column>
            <column name="customer_id" type="INT"/>
            <column name="role_id" type="INT">
                <constraints nullable="false"/>
            </column>
        </createTable>
    </changeSet>

    <changeSet id="14.1" author="pxlxta">
        <addForeignKeyConstraint
                baseTableName="users"
                baseColumnNames="customer_id"
                constraintName="fk_authentication_customer"
                referencedTableName="customers"
                referencedColumnNames="id"
                onDelete="CASCADE"/>
        <addForeignKeyConstraint
                baseTableName="users"
                baseColumnNames="role_id"
                constraintName="fk_authentication_role"
                referencedTableName="roles"
                referencedColumnNames="id"
                onDelete="SET NULL"/>
    </changeSet>

</databaseChangeLog>