<?xml version="1.0" encoding="UTF-8"?>
<databaseChangeLog
        xmlns="http://www.liquibase.org/xml/ns/dbchangelog"
        xmlns:xsi="http://www.w3.org/2001/XMLSchema-instance"
        xsi:schemaLocation="http://www.liquibase.org/xml/ns/dbchangelog
                        http://www.liquibase.org/xml/ns/dbchangelog/dbchangelog-4.3.xsd">

    <changeSet id="15" author="pxlxta">
        <createTable tableName="tokens">
            <column name="id" type="SERIAL">
                <constraints primaryKey="true"/>
            </column>
            <column name="token" type="VARCHAR(255)">
                <constraints nullable="false" unique="true"/>
            </column>
            <column name="user_id" type="INT">
                <constraints nullable="false"/>
            </column>
            <column name="created_at" type="TIMESTAMP" defaultValueComputed="NOW()"/>
            <column name="expires_at" type="TIMESTAMP"/>
        </createTable>
    </changeSet>

    <changeSet id="1.1" author="pxlxta">
        <addForeignKeyConstraint
                baseTableName="tokens"
                baseColumnNames="user_id"
                constraintName="fk_tokens_user"
                referencedTableName="users"
                referencedColumnNames="id"
                onDelete="CASCADE"/>
    </changeSet>

</databaseChangeLog>